Hand Number, Hand Wager, Hand Net, Hand Total, Bank Total
1,100,-100,19,9900
2,100,-100,24,9800
3,100,100,17,9900
4,200,200,15,10100
5,100,100,21,10100
6,100,100,21,10300
7,100,100,20,10400
8,100,100,18,10500
9,100,100,21,10600
10,100,-100,23,10500
11,200,-200,15,10300
12,100,100,19,10400
13,100,-100,22,10300
14,100,100,20,10400
15,100,-100,18,10300
16,100,-100,17,10200
17,100,-100,12,10100
18,100,150,21,10250
19,100,-100,16,10150
20,100,0,18,10150
21,100,100,20,10250
22,100,100,20,10350
23,100,100,18,10450
24,100,-100,13,10350
25,100,-100,22,10250
26,200,200,17,10450
27,100,-100,18,10350
28,100,-100,17,10250
29,100,-100,23,10150
30,100,100,18,10250
31,100,-100,19,10050
32,100,-100,18,10050
33,200,200,19,10250
34,100,100,19,10350
35,100,-100,17,10250
36,100,100,19,10350
37,100,-100,23,10250
38,100,100,15,10350
39,100,0,18,10350
40,100,-100,13,10250
41,200,200,20,10450
42,100,-100,20,10350
43,100,150,21,10500
44,100,-100,20,10400
45,100,100,18,10500
46,100,100,21,10600
47,100,100,15,10700
48,100,-100,16,10600
49,100,0,21,10600
50,100,-100,25,10500
51,200,200,19,10700
52,100,-100,13,10600
53,100,-100,19,10500
54,100,100,16,10600
55,100,0,17,10600
56,100,0,17,10600
57,100,-100,13,10500
58,100,-100,19,10400
59,100,-100,18,10300
60,100,-100,18,10200
61,100,-100,5,10100
62,100,-100,22,10000
63,100,-100,14,9900
64,200,200,19,10100
65,100,-100,14,10000
66,100,100,20,10100
67,100,100,17,10200
68,100,-100,13,10100
69,100,-100,25,10000
70,100,-100,24,9900
71,100,100,14,10000
72,100,100,17,10100
73,100,100,20,10200
74,100,-100,14,10100
75,100,-100,22,10000
76,100,-100,10,9900
77,100,-100,17,9800
78,100,-100,15,9700
79,100,100,19,9800
80,100,-100,9,9700
81,100,100,19,9800
82,100,-100,18,9700
83,100,0,19,9700
84,100,150,21,9850
85,100,-100,22,9750
86,100,100,18,9850
87,100,-100,10,9750
88,100,-100,13,9650
89,100,-100,18,9550
90,100,100,20,9650
91,100,-100,18,9550
92,100,100,21,9650
93,100,100,15,9750
94,200,200,21,9950
95,100,-100,24,9850
96,100,-100,14,9750
97,100,100,18,9850
98,100,100,20,9950
99,100,0,20,9950
100,100,100,20,10050
101,100,0,20,10050
102,100,150,21,10200
103,100,-100,25,10100
104,100,-100,17,10000
105,200,200,18,10200
106,100,100,19,10300
107,100,100,16,10400
108,100,-100,24,10300
109,100,150,21,10450
110,100,-100,18,10350
111,100,100,18,10450
112,100,-100,22,10350
113,100,100,18,10450
114,100,-100,24,10350
115,100,-100,14,10250
116,100,-100,20,10150
117,100,-100,14,10050
118,100,-100,7,9950
119,100,-100,12,9850
120,100,-100,16,9750
121,100,-100,25,9650
122,100,-100,17,9550
123,100,100,14,9650
124,100,-100,20,9550
125,100,100,20,9650
126,100,-100,14,9550
127,100,100,19,9650
128,200,-200,16,9450
129,100,100,17,9550
130,100,-100,15,9450
131,100,100,19,9550
132,100,-100,17,9450
133,100,-100,24,9350
134,100,-100,19,9250
135,100,-100,16,9150
136,100,-100,19,9050
137,100,-100,18,8950
138,200,200,12,9150
139,100,100,20,9250
140,100,0,17,9250
141,100,-100,20,9150
142,100,100,20,9250
143,100,-100,26,9150
144,100,100,19,9250
145,100,-100,23,9150
146,100,100,19,9250
147,100,-100,15,9150
148,100,100,20,9250
149,100,100,14,9350
150,100,100,15,9450
151,100,-100,25,9350
152,100,-100,26,9250
153,100,-100,23,9150
154,100,-100,19,9050
155,100,-100,19,8950
156,100,150,21,9100
157,200,-200,20,8900
158,100,-100,22,8800
159,100,-100,19,8700
160,100,100,18,8800
161,100,-100,14,8700
162,100,100,13,8800
163,100,-100,19,8700
164,100,-100,18,8600
165,100,-100,24,8500
166,100,100,19,8600
167,100,100,14,8700
168,100,100,19,8800
169,100,-100,15,8700
170,100,100,20,8800
171,100,100,20,8900
172,100,100,20,9000
173,100,100,20,9100
174,100,100,20,9200
175,100,-100,14,9100
176,100,-100,22,9000
177,100,100,19,9100
178,100,-100,22,9000
179,100,0,17,9000
180,100,-100,20,8900
181,100,-100,18,8800
182,100,100,17,8900
183,100,100,17,9000
184,100,100,18,9100
185,100,100,21,9200
186,100,0,19,9200
187,100,100,18,9300
188,100,-100,16,9200
189,100,100,19,9300
190,100,-100,25,9200
191,200,200,16,9400
192,100,100,15,9500
193,100,100,20,9600
194,100,100,21,9700
195,100,100,19,9800
196,100,100,12,9900
197,100,-100,19,9800
198,100,150,21,9950
199,100,-100,19,9850
200,100,150,21,10000
201,100,-100,23,9900
202,100,-100,12,9800
203,100,-100,19,9700
204,100,100,19,9800
205,100,100,17,9900
206,100,-100,11,9800
207,100,100,19,9900
208,100,100,20,10000
209,100,-100,24,9900
210,100,100,20,10000
211,100,100,18,10100
212,200,-200,18,9900
213,100,100,17,10000
214,100,-100,26,9900
215,100,100,17,10000
216,100,-100,20,9900
217,100,100,20,10000
218,100,100,20,10100
219,100,-100,12,10000
220,100,150,21,10150
221,100,0,20,10150
222,100,150,21,10300
223,100,-100,12,10200
224,100,100,20,10300
225,100,-100,17,10200
226,100,-100,17,10100
227,100,-100,23,10000
228,100,100,21,10100
229,100,100,21,10200
230,100,150,21,10350
231,100,-100,19,10250
232,100,-100,12,10150
233,100,-100,12,10050
234,100,100,19,10150
235,100,100,21,10250
236,100,-100,16,10150
237,100,100,19,10250
238,100,100,17,10350
239,100,-100,23,10250
240,100,0,21,10250
241,100,-100,26,10150
242,200,200,20,10350
243,200,-200,14,10150
244,100,100,18,10250
245,100,-100,26,10150
246,100,100,20,10250
247,100,100,18,10350
248,100,100,17,10450
249,200,200,19,10650
250,100,100,18,10750
251,200,0,18,10750
252,100,100,21,10850
253,100,-100,26,10750
254,200,200,16,10950
255,100,-100,15,10850
256,200,200,21,11050
257,100,-100,18,10950
258,100,-100,23,10850
259,100,0,20,10850
260,100,100,20,10950
261,100,100,19,11050
262,100,-100,25,10950
263,100,150,21,11100
264,100,-100,12,11000
265,100,100,18,11100
266,100,-100,25,11000
267,100,0,19,11000
268,200,200,20,11200
269,100,100,20,11300
270,100,100,19,11400
271,100,-100,25,11300
272,100,-100,19,11200
273,100,-100,15,11100
274,100,-100,19,11000
275,100,100,20,11100
276,100,0,19,11100
277,200,-200,18,10900
278,100,-100,20,10800
279,100,-100,19,10700
280,100,100,20,10800
281,100,-100,14,10700
282,200,200,4,10900
283,100,150,21,11050
284,100,100,19,11150
285,100,100,20,11250
286,100,100,19,11350
287,100,0,17,11350
288,100,150,21,11500
289,100,-100,20,11400
290,100,-100,14,11300
291,100,-100,26,11200
292,100,100,19,11100
293,100,100,13,11300
294,100,100,19,11500
295,200,200,15,11700
296,100,0,18,11700
297,100,0,18,11700
298,100,0,19,11700
299,100,100,20,11800
300,100,-100,12,11700
301,100,0,18,11700
302,100,-100,13,11600
303,100,100,17,11700
304,100,100,16,11800
305,100,150,21,11950
306,100,-100,16,11850
307,100,100,13,11950
308,100,-100,15,11850
309,100,-100,24,11750
310,100,100,13,11850
311,100,-100,17,11750
312,100,-100,13,11650
313,100,-100,18,11550
314,100,100,19,11650
315,100,-100,18,11550
316,100,-100,8,11450
317,100,0,19,11450
318,100,-100,17,11350
319,100,100,21,11450
320,100,100,17,11550
321,100,-100,16,11450
322,100,-100,14,11350
323,100,0,19,11350
324,100,-100,16,11250
325,100,100,19,11350
326,100,-100,18,11250
327,100,-100,24,11150
328,100,100,20,11250
329,100,-100,17,11050
330,100,-100,19,11050
331,100,-100,18,10950
332,100,-100,17,10850
333,100,100,21,10950
334,100,-100,15,10850
335,100,-100,26,10750
336,100,-100,24,10650
337,200,-200,14,10450
338,100,-100,26,10350
339,100,100,20,10450
340,100,100,20,10550
341,100,-100,13,10450
342,100,100,19,10550
343,100,-100,19,10450
344,100,100,19,10450
345,100,-100,26,10450
346,100,-100,23,10350
347,100,-100,23,10250
348,100,100,19,10350
349,100,-100,23,10250
350,100,100,19,10350
351,100,-100,17,10250
352,100,100,20,10350
353,100,0,20,10350
354,200,200,20,10550
355,100,-100,10,10450
356,100,-100,14,10350
357,100,100,20,10450
358,100,0,20,10450
359,100,150,21,10600
360,100,-100,17,10500
361,100,-100,19,10400
362,100,-100,19,10300
363,100,100,19,10400
364,100,0,20,10400
365,100,100,18,10400
366,100,100,18,10600
367,100,-100,14,10500
368,100,-100,18,10400
369,100,100,17,10500
370,100,0,17,10500
371,100,-100,12,10400
372,100,-100,26,10300
373,100,-100,17,10200
374,100,-100,25,10100
375,100,-100,26,10000
376,100,100,19,10100
377,100,-100,18,10000
378,100,-100,16,9900
379,100,0,20,9900
380,100,100,20,10000
381,100,-100,22,9900
382,100,-100,22,9800
383,100,-100,16,9700
384,100,-100,12,9600
385,100,100,20,9700
386,100,-100,22,9600
387,100,0,17,9600
388,100,100,19,9700
389,100,100,19,9800
390,100,100,14,9900
391,100,-100,15,9800
392,100,100,19,9900
393,100,100,12,10000
394,100,-100,13,9900
395,200,200,12,10100
396,100,0,20,10100
397,100,-100,26,10000
398,100,100,17,10100
399,100,-100,17,10000
400,100,-100,26,9900
401,100,100,20,10000
402,100,-100,22,9900
403,200,-200,16,9700
404,100,100,19,9800
405,100,100,20,9900
406,200,-200,17,9700
407,100,-100,17,9600
408,100,0,20,9600
409,100,100,17,9600
410,100,100,17,9800
411,100,100,18,9900
412,100,0,19,9900
413,100,-100,10,9800
414,100,-100,19,9700
415,200,200,20,9900
416,100,100,19,10000
417,100,0,20,10000
418,200,200,4,10200
419,200,200,20,10400
420,100,100,18,10400
421,100,-100,24,10400
422,100,-100,16,10300
423,200,200,21,10500
424,100,-100,17,10400
425,100,0,20,10400
426,100,100,19,10500
427,100,100,20,10600
428,100,-100,26,10500
429,200,0,17,10500
430,100,-100,13,10400
431,100,100,17,10500
432,100,100,20,10600
433,100,100,19,10700
434,100,-100,17,10600
435,100,100,18,10700
436,200,0,20,10700
437,100,-100,24,10600
438,100,-100,13,10500
439,100,-100,17,10400
440,200,-200,13,10100
441,100,-100,13,10100
442,100,-100,18,10000
443,200,-200,16,9800
444,100,100,18,9900
445,100,-100,26,9800
446,100,-100,16,9700
447,100,-100,13,9600
448,100,100,18,9700
449,100,100,21,9800
450,100,150,21,9950
451,100,-100,17,9850
452,100,100,20,9950
453,100,-100,23,9850
454,100,100,21,9950
455,100,-100,14,9850
456,100,100,19,9950
457,100,100,20,10050
458,100,100,18,10150
459,100,-100,23,10050
460,100,-100,19,9950
461,100,100,20,10050
462,100,-100,24,9950
463,100,-100,25,9850
464,100,100,21,9950
465,100,150,21,10100
466,100,-100,18,10000
467,100,100,19,10100
468,100,100,18,10200
469,100,-100,24,10100
470,100,100,19,10200
471,100,-100,15,10100
472,100,100,14,10200
473,100,-100,22,10100
474,100,-100,24,10000
475,100,100,20,10100
476,100,0,18,10100
477,200,-200,18,9900
478,100,0,21,9900
479,100,100,21,10000
480,100,100,19,9900
481,200,200,21,10300
482,100,100,19,10400
483,100,-100,17,10300
484,100,100,18,10400
485,100,100,17,10500
486,100,100,18,10600
487,100,150,21,10750
488,100,100,21,10850
489,100,-100,22,10750
490,100,-100,22,10650
491,200,200,15,10850
492,100,-100,26,10750
493,100,-100,13,10650
494,200,-200,12,10450
495,100,100,19,10550
496,100,0,20,10550
497,100,100,20,10550
498,100,-100,16,10550
499,200,-200,13,10350
500,100,-100,16,10250
501,100,-100,17,10150
502,100,-100,14,10050
503,100,150,21,10200
504,100,-100,19,10100
505,100,150,21,10250
506,100,150,21,10400
507,100,100,21,10500
508,100,100,18,10600
509,100,-100,25,10500
510,100,-100,23,10400
511,200,-200,14,10200
512,100,100,17,10300
513,200,-200,12,10100
514,100,-100,17,10000
515,100,100,20,10100
516,100,100,21,10200
517,200,-200,17,10000
518,200,200,16,10200
519,100,-100,26,10100
520,100,-100,15,10000
521,100,100,21,10100
522,100,0,18,10100
523,100,150,21,10250
524,100,100,20,10350
525,100,100,18,10450
526,100,0,21,10450
527,100,-100,17,10350
528,100,150,21,10500
529,100,-100,23,10400
530,100,-100,24,10300
531,100,100,19,10400
532,200,200,18,10600
533,100,100,19,10700
534,100,-100,17,10600
535,100,100,20,10700
536,100,-100,14,10600
537,100,-100,17,10500
538,100,100,19,10600
539,100,-100,19,10500
540,100,100,20,10600
541,100,100,12,10700
542,100,-100,23,10600
543,100,-100,17,10500
544,100,-100,18,10400
545,100,100,19,10500
546,200,200,21,10700
547,100,-100,17,10600
548,100,-100,17,10500
549,100,150,21,10650
550,100,-100,15,10550
551,100,-100,22,10450
552,200,-200,16,10250
553,100,100,19,10350
554,100,-100,15,10250
555,100,0,20,10250
556,100,-100,14,10150
557,100,0,17,10150
558,100,-100,22,10050
559,100,100,12,10150
560,200,200,21,10150
561,200,200,20,10550
562,100,100,17,10650
563,100,100,20,10750
564,100,-100,14,10650
565,100,0,18,10650
566,200,-200,15,10450
567,100,100,17,10550
568,100,-100,23,10450
569,100,100,19,10550
570,100,100,19,10650
571,100,0,18,10650
572,100,150,21,10800
573,100,100,19,10900
574,100,-100,17,10800
575,100,100,20,10900
576,100,0,19,10900
577,100,0,17,10900
578,100,-100,17,10800
579,100,-100,17,10700
580,200,200,12,10900
581,100,100,13,11000
582,100,-100,14,10900
583,100,-100,19,10800
584,100,-100,16,10700
585,100,0,18,10700
586,100,0,17,10700
587,100,-100,17,10600
588,100,-100,22,10500
589,100,-100,13,10400
590,100,-100,19,10300
591,100,150,21,10450
592,100,100,21,10550
593,100,0,20,10550
594,100,-100,19,10450
595,100,0,20,10450
596,100,-100,15,10350
597,200,0,19,10350
598,100,100,20,10450
599,100,-100,16,10350
600,100,100,17,10450
601,100,-100,25,10350
602,100,100,18,10450
603,100,100,16,10450
604,100,100,20,10650
605,100,0,17,10650
606,100,100,17,10750
607,100,100,13,10850
608,100,-100,17,10750
609,100,100,20,10850
610,100,100,19,10950
611,100,0,18,10950
612,200,0,18,10950
613,100,-100,13,10850
614,100,100,19,10950
615,100,100,20,11050
616,100,-100,22,10950
617,100,100,20,11050
618,100,-100,17,10950
619,100,100,18,11050
620,100,100,21,11150
621,100,100,18,11250
622,100,-100,18,11150
623,100,-100,22,11050
624,100,100,19,11150
625,100,100,18,11250
626,100,100,21,11350
627,100,100,20,11450
628,100,-100,17,11350
629,100,100,16,11450
630,100,-100,15,11350
631,100,100,17,11450
632,100,-100,14,11350
633,100,100,21,11450
634,100,0,20,11450
635,100,-100,13,11350
636,200,200,21,11550
637,100,100,20,11650
638,100,150,21,11800
639,100,-100,23,11700
640,100,-100,17,11600
641,100,100,16,11700
642,100,-100,18,11600
643,100,100,21,11700
644,100,-100,14,11600
645,100,-100,23,11500
646,100,-100,24,11400
647,100,100,20,11500
648,100,0,17,11500
649,100,-100,14,11400
650,200,-200,17,11200
651,100,100,20,11300
652,100,-100,20,11200
653,100,-100,23,11100
654,100,-100,16,11000
655,100,-100,19,10900
656,100,-100,23,10800
657,100,150,21,10950
658,100,-100,24,10850
659,100,100,21,10950
660,100,100,17,11050
661,100,-100,22,10950
662,100,-100,23,10850
663,100,100,20,10950
664,100,100,20,11050
665,100,-100,24,10950
666,100,-100,26,10850
667,100,100,15,10950
668,100,0,20,10950
669,100,100,19,11050
670,100,-100,17,10950
671,100,150,21,11100
672,100,150,21,11250
673,200,-200,18,11050
674,100,100,20,11150
675,100,100,13,11250
676,100,100,20,11350
677,100,-100,25,11250
678,100,100,20,11350
679,100,100,20,11450
680,100,100,13,11550
681,100,-100,12,11450
682,100,100,21,11550
683,100,-100,18,11450
684,100,100,13,11550
685,100,-100,14,11450
686,100,-100,18,11350
687,100,100,13,11450
688,100,-100,15,11350
689,100,-100,16,11250
690,200,200,13,11450
691,200,-200,15,11250
692,100,100,20,11350
693,100,-100,14,11250
694,100,-100,18,11150
695,100,100,18,11250
696,100,0,17,11250
697,100,100,17,11350
698,100,-100,24,11250
699,200,-200,15,11050
700,100,100,20,11150
701,100,-100,23,11050
702,100,100,20,11150
703,100,100,17,11250
704,100,-100,15,11150
705,100,-100,16,11050
706,100,0,17,11050
707,100,-100,26,10950
708,100,0,20,10950
709,100,-100,22,10850
710,100,-100,25,10750
711,100,100,19,10850
712,100,150,21,11000
713,100,100,20,11100
714,100,-100,24,11000
715,100,-100,23,10900
716,100,-100,22,10800
717,100,100,20,10900
718,100,100,18,11000
719,100,-100,19,10900
720,100,0,17,10900
721,100,100,18,11000
722,100,-100,15,10900
723,100,100,14,11000
724,100,100,15,11100
725,100,0,19,11100
726,100,-100,24,11000
727,100,100,19,11100
728,100,-100,23,11000
729,100,100,16,11100
730,100,-100,15,11000
731,100,100,21,11100
732,100,-100,22,11000
733,200,-200,13,10800
734,100,-100,23,10700
735,100,-100,25,10600
736,100,-100,14,10500
737,100,100,21,10600
738,100,-100,13,10500
739,100,-100,14,10400
740,100,-100,17,10300
741,100,-100,26,10200
742,100,-100,23,10100
743,200,200,13,10300
744,100,-100,26,10200
745,100,-100,26,10100
746,100,-100,24,10000
747,100,-100,12,9800
748,100,-100,12,9800
749,100,100,19,9900
750,200,200,21,10100
751,100,-100,23,10000
752,100,100,20,10100
753,100,-100,15,10000
754,100,-100,17,9900
755,100,-100,13,9800
756,100,-100,20,9700
757,100,-100,24,9600
758,100,-100,22,9500
759,200,200,21,9700
760,100,100,19,9800
761,100,100,19,9800
762,100,100,19,10000
763,100,-100,24,9900
764,200,-200,15,9700
765,200,-200,15,9500
766,100,100,20,9600
767,100,-100,23,9500
768,100,100,16,9500
769,100,100,13,9700
770,100,100,20,9800
771,100,-100,18,9700
772,100,-100,22,9600
773,100,-100,11,9500
774,100,-100,18,9400
775,100,100,20,9500
776,100,-100,15,9400
777,100,100,20,9500
778,200,-200,13,9300
779,100,150,21,9450
780,200,200,21,9650
781,100,-100,18,9550
782,100,100,20,9650
783,100,0,18,9650
784,100,-100,23,9550
785,200,200,21,9750
786,100,-100,13,9650
787,100,100,20,9750
788,100,-100,25,9650
789,100,100,20,9750
790,100,100,21,9850
791,100,0,20,9850
792,100,0,19,9850
793,100,-100,26,9750
794,100,100,18,9850
795,100,100,14,9950
796,100,100,17,10050
797,100,100,18,10150
798,100,100,19,10250
799,100,100,20,10350
800,100,100,17,10450
801,100,100,20,10550
802,100,-100,12,10450
803,200,0,19,10450
804,100,-100,14,10350
805,100,100,21,10450
806,100,100,20,10550
807,200,-200,15,10350
808,100,-100,10,10250
809,200,200,21,10450
810,100,-100,12,10350
811,200,-200,17,10150
812,100,-100,17,10050
813,100,100,20,10150
814,200,200,15,10350
815,100,100,18,10450
816,200,-200,13,10250
817,100,100,12,10350
818,100,-100,15,10250
819,100,-100,19,10150
820,200,-200,19,9950
821,100,-100,17,9850
822,200,200,20,10050
823,100,-100,20,9950
824,100,100,20,10050
825,100,-100,25,9950
826,100,100,17,10050
827,200,-200,12,9850
828,100,100,19,9950
829,100,-100,25,9850
830,100,-100,19,9750
831,100,-100,17,9650
832,100,100,17,9750
833,100,100,18,9850
834,100,-100,24,9750
835,100,-100,23,9650
836,100,-100,16,9550
837,100,100,19,9650
838,100,100,20,9750
839,100,-100,25,9650
840,100,0,18,9650
841,100,100,15,9750
842,100,-100,25,9650
843,200,200,21,9850
844,100,-100,12,9750
845,100,100,19,9850
846,100,-100,20,9750
847,100,100,17,9850
848,100,-100,22,9750
849,100,0,18,9750
850,100,-100,18,9550
851,100,100,21,9750
852,200,-200,20,9550
853,100,-100,15,9450
854,100,-100,5,9350
855,100,-100,17,9250
856,100,0,20,9250
857,100,100,19,9350
858,100,-100,16,9250
859,100,-100,20,9150
860,200,200,17,9350
861,100,100,14,9450
862,100,-100,22,9350
863,100,-100,17,9250
864,100,100,18,9350
865,100,100,20,9450
866,100,-100,18,9350
867,100,-100,24,9250
868,100,-100,20,9150
869,100,150,21,9300
870,100,100,21,9400
871,200,200,14,9600
872,200,-200,15,9400
873,200,-200,12,9200
874,100,-100,16,9100
875,100,100,18,9200
876,100,100,19,9300
877,100,100,17,9400
878,200,200,19,9600
879,100,100,13,9700
880,100,-100,15,9600
881,100,100,17,9700
882,100,-100,23,9600
883,100,-100,13,9500
884,100,-100,24,9400
885,100,-100,24,9300
886,100,100,20,9400
887,100,0,19,9400
888,100,0,18,9400
889,100,-100,18,9300
890,100,-100,25,9200
891,100,-100,15,9000
892,100,0,19,9100
893,100,-100,19,9000
894,100,-100,12,8900
895,100,-100,13,8800
896,100,100,19,8900
897,100,100,18,9000
898,100,100,21,9100
899,100,100,20,9200
900,100,-100,15,9100
901,100,100,17,9200
902,100,100,20,9300
903,100,100,21,9400
904,100,-100,13,9300
905,100,0,19,9300
906,100,0,20,9300
907,100,100,19,9400
908,100,100,20,9500
909,200,200,20,9700
910,100,100,19,9800
911,100,-100,22,9700
912,100,-100,26,9600
913,100,100,13,9700
914,100,-100,12,9600
915,100,-100,17,9500
916,100,100,21,9600
917,100,0,18,9600
918,100,0,19,9600
919,100,100,20,9700
920,100,100,20,9800
921,200,200,21,10000
922,100,-100,19,9900
923,100,-100,26,9800
924,100,0,17,9800
925,100,0,20,9800
926,100,-100,26,9700
927,100,-100,18,9600
928,100,-100,18,9500
929,100,150,21,9650
930,100,100,14,9750
931,100,0,20,9750
932,100,100,19,9850
933,100,-100,26,9750
934,100,100,21,9850
935,100,-100,10,9750
936,100,100,20,9850
937,100,-100,16,9750
938,100,-100,23,9650
939,200,0,20,9650
940,200,200,20,9850
941,200,-200,13,9650
942,100,-100,26,9550
943,100,-100,13,9450
944,100,-100,13,9350
945,100,-100,23,9250
946,100,100,20,9350
947,200,-200,13,9150
948,100,100,18,9250
949,100,100,13,9350
950,100,100,15,9450
951,100,-100,19,9350
952,100,-100,23,9250
953,100,-100,13,9150
954,100,150,21,9300
955,100,150,21,9450
956,100,-100,12,9350
957,100,-100,12,9250
958,100,100,20,9350
959,100,100,12,9350
960,100,100,14,9550
961,100,-100,19,9450
962,100,-100,13,9350
963,100,-100,18,9250
964,100,150,21,9400
965,100,100,19,9500
966,100,150,21,9650
967,100,-100,23,9550
968,100,100,19,9650
969,100,-100,19,9550
970,100,-100,18,9450
971,200,200,21,9650
972,100,-100,24,9550
973,100,100,13,9650
974,100,0,20,9650
975,100,-100,25,9550
976,100,100,15,9650
977,100,100,20,9750
978,100,100,14,9850
979,100,-100,14,9750
980,100,-100,25,9650
981,100,-100,12,9550
982,100,-100,23,9450
983,100,0,18,9450
984,100,100,20,9550
985,100,100,21,9650
986,100,100,17,9750
987,100,-100,18,9650
988,100,100,14,9750
989,100,-100,16,9650
990,100,-100,17,9550
991,100,0,20,9550
992,100,-100,18,9450
993,100,0,19,9450
994,100,-100,17,9350
995,100,-100,25,9250
996,100,-100,16,9150
997,100,-100,15,9050
998,100,0,17,9050
999,100,-100,24,8950
1000,100,-100,22,8850
1001,100,-100,13,8750
1002,100,-100,24,8650
1003,100,-100,18,8550
1004,100,-100,23,8450
1005,100,-100,18,8350
1006,100,100,16,8450
1007,100,-100,10,8350
1008,100,-100,19,8150
1009,100,-100,13,8150
1010,100,-100,23,8050
1011,100,-100,16,7850
1012,100,100,21,8050
1013,100,100,20,8150
1014,100,-100,17,8050
1015,100,-100,16,7950
1016,100,-100,12,7850
1017,100,-100,17,7750
1018,100,100,18,7850
1019,100,150,21,8000
1020,100,-100,22,7900
1021,100,-100,23,7800
1022,100,100,14,7900
1023,100,-100,17,7800
1024,100,-100,18,7700
1025,100,-100,17,7500
1026,100,-100,16,7500
1027,100,-100,14,7400
1028,200,200,14,7600
1029,100,100,13,7700
1030,100,-100,18,7600
1031,100,-100,17,7400
1032,100,-100,17,7400
1033,100,0,18,7400
1034,100,100,14,7500
1035,100,-100,20,7400
1036,100,-100,23,7300
1037,100,0,20,7200
1038,100,-100,18,7200
1039,100,-100,19,7100
1040,100,-100,13,7000
1041,100,0,17,7000
1042,200,0,18,7000
1043,100,100,19,7100
1044,100,100,21,7200
1045,100,100,20,7300
1046,100,100,20,7400
1047,100,100,17,7500
1048,100,0,20,7500
1049,100,100,20,7600
1050,100,100,18,7700
1051,100,100,13,7800
1052,100,-100,23,7700
1053,100,-100,17,7600
1054,100,-100,13,7500
1055,100,-100,17,7400
1056,100,100,20,7500
1057,200,-200,19,7200
1058,100,-100,13,7200
1059,100,100,14,7300
1060,100,100,15,7400
1061,100,-100,19,7300
1062,100,100,17,7400
1063,200,200,20,7600
1064,100,100,19,7700
1065,100,100,17,7800
1066,200,200,19,8000
1067,100,0,18,8000
1068,100,100,21,8100
1069,100,100,19,8200
1070,100,-100,15,8100
1071,100,-100,15,8000
1072,100,-100,25,7900
1073,100,150,21,8050
1074,100,100,13,8150
1075,100,-100,18,8050
1076,100,-100,22,7950
1077,100,100,20,8050
1078,100,-100,17,7950
1079,100,0,20,7950
1080,100,100,20,8050
1081,100,150,21,8200
1082,100,100,20,8300
1083,100,-100,16,8200
1084,100,100,20,8300
1085,100,100,18,8400
1086,100,100,21,8500
1087,100,100,21,8600
1088,100,100,18,8700
1089,100,-100,18,8600
1090,100,100,14,8700
1091,100,0,20,8700
1092,100,-100,22,8600
1093,100,100,20,8700
1094,100,-100,24,8600
1095,100,100,20,8700
1096,100,100,12,8700
1097,100,100,16,8900
1098,100,100,18,9000
1099,100,-100,22,8900
1100,100,-100,13,8800
1101,100,0,21,8800
1102,100,-100,13,8700
1103,100,-100,15,8600
1104,100,-100,23,8500
1105,100,150,21,8650
1106,100,100,17,8750
1107,100,100,12,8850
1108,100,100,20,8950
1109,100,100,20,9050
1110,100,0,17,9050
1111,100,100,19,9150
1112,100,100,15,9250
1113,100,100,18,9150
1114,200,200,21,9550
1115,100,0,19,9550
1116,100,100,14,9650
1117,100,100,17,9750
1118,100,-100,24,9650
1119,100,-100,24,9550
1120,100,-100,26,9450
1121,200,-200,12,9250
1122,100,-100,17,9150
1123,100,-100,22,9050
1124,100,-100,25,8950
1125,100,-100,17,8850
1126,100,100,18,8950
1127,100,-100,23,8850
1128,100,-100,25,8750
1129,100,100,17,8850
1130,100,100,21,8950
1131,200,200,12,9150
1132,200,0,18,9150
1133,100,0,17,9150
1134,100,-100,18,9050
1135,100,-100,19,8950
1136,100,0,19,8950
1137,100,-100,16,8850
1138,100,0,18,8850
1139,100,-100,22,8750
1140,100,0,20,8750
1141,200,-200,18,8550
1142,100,-100,22,8450
1143,100,-100,13,8350
1144,100,-100,26,8250
1145,100,-100,24,8150
1146,100,0,18,8150
1147,100,-100,19,8050
1148,100,100,20,8150
1149,100,-100,13,8050
1150,100,-100,18,7950
1151,100,100,15,8050
1152,100,-100,25,7950
1153,100,-100,16,7850
1154,100,100,21,7950
1155,100,-100,24,7850
1156,100,150,21,8000
1157,100,100,19,8100
1158,100,-100,24,8000
1159,100,100,20,8100
1160,100,-100,14,8000
1161,200,200,12,8200
1162,100,100,19,8300
1163,100,-100,18,8200
1164,100,100,20,8300
1165,100,100,21,8400
1166,100,-100,18,8300
1167,100,100,19,8400
1168,100,100,12,8500
1169,100,-100,26,8400
1170,100,-100,17,8300
1171,100,-100,17,8200
1172,100,-100,26,8100
1173,100,-100,15,8000
1174,100,-100,24,7900
1175,100,100,17,8000
1176,100,-100,16,7900
1177,100,100,21,8000
1178,100,-100,22,7900
1179,100,100,19,8000
1180,100,100,21,8100
1181,100,-100,24,8000
1182,100,100,20,8100
1183,100,100,18,8200
1184,100,100,14,8300
1185,100,150,21,8450
1186,100,150,21,8600
1187,100,-100,18,8500
1188,100,-100,18,8400
1189,100,-100,13,8300
1190,100,100,20,8400
1191,100,-100,22,8300
1192,100,-100,19,8200
1193,100,100,20,8300
1194,200,200,18,8500
1195,100,100,20,8600
1196,100,-100,19,8500
1197,100,100,20,8500
1198,100,-100,14,8500
1199,100,-100,20,8400
1200,100,-100,17,8300
1201,100,-100,22,8200
1202,200,-200,15,8000
1203,100,100,18,8100
1204,100,100,14,8200
1205,100,100,20,8300
1206,100,100,14,8400
1207,100,-100,17,8300
1208,100,100,20,8400
1209,100,-100,20,8300
1210,100,100,20,8400
1211,100,-100,17,8300
1212,100,100,14,8400
1213,200,-200,12,8200
1214,100,-100,11,8100
1215,100,-100,15,8000
1216,100,150,21,8150
1217,200,200,15,8350
1218,100,-100,23,8250
1219,200,200,21,8450
1220,100,-100,16,8350
1221,100,-100,23,8250
1222,100,-100,18,8150
1223,100,0,20,8150
1224,100,100,19,8250
1225,100,100,20,8350
1226,100,100,20,8450
1227,100,-100,13,8350
1228,100,-100,23,8250
1229,100,100,18,8350
1230,100,0,19,8350
1231,100,-100,23,8250
1232,100,0,20,8250
1233,100,-100,24,8150
1234,100,100,20,8250
1235,100,-100,16,8150
1236,200,200,21,8350
1237,100,-100,23,8250
1238,100,-100,16,8150
1239,100,0,20,8150
1240,100,-100,18,8050
1241,100,100,20,8150
1242,100,-100,18,8050
1243,100,-100,19,7950
1244,100,-100,18,7850
1245,200,200,19,7950
1246,100,100,13,8150
1247,100,100,14,8250
1248,100,-100,17,8150
1249,200,-200,19,7950
1250,100,100,19,8050
1251,100,100,12,8150
1252,100,100,21,8250
1253,100,-100,24,8150
1254,100,100,19,8250
1255,100,-100,18,8150
1256,100,-100,26,8050
1257,200,200,17,8250
1258,100,-100,18,8150
1259,200,200,19,8350
1260,100,150,21,8500
1261,100,100,20,8600
1262,200,-200,16,8400
1263,100,0,20,8400
1264,100,-100,26,8300
1265,200,200,18,8500
1266,200,200,17,8700
1267,100,-100,23,8600
1268,100,-100,22,8500
1269,100,0,18,8500
1270,100,150,21,8650
1271,100,-100,15,8550
1272,200,200,19,8750
1273,200,200,16,8950
1274,100,-100,23,8850
1275,100,100,19,8950
1276,100,100,20,9050
1277,100,100,20,9150
1278,100,-100,17,9050
1279,100,150,21,9200
1280,100,100,21,9300
1281,100,-100,19,9200
1282,100,-100,19,9100
1283,100,100,17,9200
1284,100,100,18,9300
1285,100,100,17,9400
1286,100,0,19,9400
1287,100,100,14,9500
1288,100,100,18,9600
1289,100,100,20,9700
1290,100,100,17,9700
1291,100,-100,24,9700
1292,100,0,19,9700
1293,100,-100,16,9600
1294,100,0,20,9600
1295,100,100,13,9700
1296,100,-100,22,9600
1297,100,100,20,9700
1298,100,100,14,9800
1299,100,100,16,9900
1300,100,-100,16,9800
1301,100,100,19,9900
1302,100,100,19,10000
1303,100,-100,17,9900
1304,100,0,21,9900
1305,100,-100,23,9800
1306,100,-100,17,9700
1307,100,-100,23,9600
1308,100,-100,13,9500
1309,100,-100,17,9400
1310,100,100,15,9500
1311,100,-100,22,9400
1312,100,0,20,9400
1313,100,0,17,9400
1314,100,-100,18,9300
1315,100,100,18,9400
1316,100,0,18,9400
1317,100,-100,5,9300
1318,100,100,16,9400
1319,100,0,17,9400
1320,100,100,12,9400
1321,100,100,21,9600
1322,100,-100,14,9500
1323,100,100,19,9600
1324,200,200,18,9800
1325,100,-100,13,9700
1326,100,-100,22,9600
1327,100,-100,26,9500
1328,100,100,20,9600
1329,100,100,17,9700
1330,100,100,19,9800
1331,100,-100,25,9700
1332,100,100,19,9800
1333,100,-100,15,9700
1334,200,200,15,9800
1335,100,100,17,10000
1336,100,-100,13,9800
1337,100,-100,19,9800
1338,100,100,20,9900
1339,100,-100,16,9800
1340,100,150,21,9950
1341,100,0,18,9950
1342,100,-100,25,9850
1343,100,-100,13,9750
1344,100,-100,17,9650
1345,100,-100,18,9550
1346,100,0,18,9550
1347,100,100,15,9650
1348,100,100,21,9750
1349,100,-100,15,9650
1350,100,-100,23,9550
1351,200,0,18,9550
1352,100,100,20,9650
1353,100,100,20,9750
1354,100,-100,23,9650
1355,100,-100,22,9550
1356,100,100,18,9650
1357,100,-100,16,9550
1358,100,-100,23,9450
1359,100,100,20,9550
1360,100,-100,24,9450
1361,200,0,17,9450
1362,100,100,13,9550
1363,100,-100,14,9450
1364,100,150,21,9600
1365,100,-100,15,9500
1366,100,-100,17,9400
1367,100,-100,23,9300
1368,100,-100,24,9200
1369,100,100,20,9300
1370,200,200,21,9500
1371,100,-100,17,9400
1372,100,-100,17,9300
1373,100,-100,13,9200
1374,100,100,20,9300
1375,100,100,17,9400
1376,100,100,20,9500
1377,200,200,21,9700
1378,100,100,20,9800
1379,100,-100,25,9700
1380,100,-100,15,9600
1381,100,-100,13,9500
1382,100,-100,12,9400
1383,100,100,18,9500
1384,100,-100,16,9400
1385,100,-100,23,9300
1386,100,100,20,9400
1387,100,150,21,9550
1388,100,-100,14,9450
1389,100,100,20,9550
1390,100,-100,22,9450
1391,100,100,20,9550
1392,100,-100,12,9350
1393,100,-100,13,9350
1394,100,100,21,9450
1395,100,100,19,9550
1396,100,-100,23,9450
1397,100,-100,17,9350
1398,100,-100,18,9250
1399,100,-100,14,9150
1400,100,-100,22,9050
1401,100,100,19,9150
1402,100,150,21,9300
1403,100,0,20,9300
1404,100,-100,24,9200
1405,100,-100,18,9000
1406,100,0,19,9100
1407,100,-100,17,9000
1408,200,-200,14,8800
1409,100,-100,22,8700
1410,100,100,17,8800
1411,100,-100,22,8700
1412,100,100,21,8800
1413,200,-200,18,8600
1414,100,100,20,8700
1415,100,100,17,8800
1416,100,-100,19,8700
1417,100,100,20,8800
1418,100,100,18,8900
1419,100,100,20,9000
1420,200,-200,17,8800
1421,100,100,16,8900
1422,100,100,20,9000
1423,100,-100,14,8900
1424,100,-100,18,8800
1425,200,200,20,9000
1426,100,100,20,9100
1427,100,100,19,9200
1428,100,-100,23,9100
1429,100,-100,13,9000
1430,100,-100,13,8800
1431,100,-100,22,8800
1432,100,100,20,8900
1433,100,0,19,8900
1434,200,200,21,9100
1435,100,-100,23,9000
1436,100,100,21,9100
1437,100,0,20,9000
1438,100,100,21,9200
1439,100,100,20,9300
1440,100,-100,22,9200
1441,100,-100,19,9100
1442,100,100,16,9200
1443,100,100,20,9300
1444,100,100,20,9400
1445,200,200,17,9400
1446,200,200,14,9800
1447,100,100,20,9900
1448,100,-100,15,9800
1449,100,100,20,9900
1450,200,200,12,10100
1451,100,-100,26,10000
1452,100,150,21,10150
1453,200,-200,17,9650
1454,100,100,20,9850
1455,200,-200,18,9850
1456,100,-100,25,9750
1457,100,-100,15,9550
1458,100,-100,17,9550
1459,100,-100,25,9450
1460,200,-200,15,9050
1461,200,200,21,9450
1462,100,100,17,9550
1463,100,100,20,9650
1464,100,100,18,9750
1465,100,-100,14,9650
1466,100,-100,23,9550
1467,100,0,20,9450
1468,100,100,21,9650
1469,100,100,20,9750
1470,100,-100,23,9650
1471,100,100,17,9750
1472,100,-100,24,9650
1473,100,-100,26,9550
1474,100,-100,17,9450
1475,100,100,20,9550
1476,100,-100,26,9450
1477,100,100,12,9550
1478,100,-100,18,9350
1479,100,100,21,9550
1480,100,100,20,9650
1481,100,-100,11,9550
1482,100,0,17,9550
1483,100,100,20,9650
1484,100,100,21,9750
1485,100,100,20,9850
1486,100,100,20,9950
1487,100,-100,13,9750
1488,100,-100,13,9750
1489,100,-100,19,9650
1490,100,100,13,9750
1491,100,100,12,9850
1492,200,200,20,10050
1493,100,100,18,10150
1494,100,-100,23,10050
1495,100,100,20,10150
1496,200,-200,17,9950
1497,100,-100,26,9850
1498,100,-100,22,9750
1499,100,-100,23,9650
1500,200,200,12,9850
1501,100,0,20,9850
1502,200,-200,16,9650
1503,100,100,18,9750
1504,100,-100,12,9650
1505,200,200,21,9850
1506,200,200,16,10050
1507,100,-100,22,9950
1508,100,-100,18,9850
1509,100,0,17,9850
1510,100,150,21,10000
1511,100,-100,17,9900
1512,100,100,13,10000
1513,100,-100,12,9900
1514,100,0,20,9900
1515,100,-100,22,9800
1516,100,150,21,9950
1517,100,100,17,10050
1518,200,200,18,10250
1519,100,-100,17,10150
1520,100,-100,23,10050
1521,100,0,18,10050
1522,100,100,15,10150
1523,100,100,20,10250
1524,100,-100,17,10150
1525,100,-100,18,10050
1526,100,100,17,10150
1527,100,-100,23,10050
1528,100,100,21,10150
1529,100,-100,23,10050
1530,100,100,20,10150
1531,100,-100,11,10050
1532,200,200,13,10250
1533,100,100,19,10350
1534,100,-100,17,10250
1535,100,0,18,10250
1536,100,-100,7,10150
1537,100,100,16,10250
1538,100,-100,15,10150
1539,100,100,18,10250
1540,100,-100,20,10150
1541,100,0,17,10150
1542,200,-200,18,9950
1543,100,-100,15,9850
1544,200,200,15,10050
1545,100,-100,24,9950
1546,100,-100,17,9850
1547,100,0,20,9850
1548,100,100,19,9950
1549,100,100,20,10050
1550,100,100,15,10150
1551,100,100,17,10250
1552,100,0,20,10250
1553,100,100,18,10350
1554,100,100,19,10450
1555,200,-200,17,10250
1556,100,-100,16,10150
1557,100,100,20,10250
1558,100,100,14,10350
1559,200,-200,18,10150
1560,100,-100,17,10050
1561,100,100,20,10150
1562,100,-100,22,10050
1563,100,100,17,10150
1564,200,200,21,10350
1565,100,0,18,10350
1566,100,-100,20,10250
1567,100,-100,13,10050
1568,100,-100,14,10050
1569,100,100,20,10150
1570,100,150,21,10300
1571,100,100,18,10400
1572,100,-100,15,10300
1573,100,100,18,10400
1574,100,-100,17,10300
1575,100,100,20,10400
1576,100,100,17,10500
1577,100,100,19,10600
1578,100,-100,18,10500
1579,100,100,19,10600
1580,100,-100,14,10500
1581,100,-100,18,10400
1582,100,-100,17,10300
1583,100,100,19,10400
1584,100,100,17,10500
1585,100,100,20,10600
1586,200,200,20,10800
1587,100,-100,19,10700
1588,100,100,18,10800
1589,100,100,20,10900
1590,100,150,21,11050
1591,100,100,21,11150
1592,100,0,18,11150
1593,100,-100,14,11050
1594,100,-100,15,10950
1595,100,-100,19,10850
1596,100,-100,18,10650
1597,100,-100,18,10650
1598,100,-100,13,10550
1599,100,100,13,10650
1600,100,100,20,10750
1601,100,-100,23,10650
1602,100,-100,26,10550
1603,100,-100,23,10450
1604,100,100,20,10550
1605,100,-100,12,10450
1606,100,100,13,10550
1607,100,-100,22,10450
1608,100,100,15,10550
1609,200,200,20,10750
1610,100,-100,16,10650
1611,100,-100,23,10550
1612,100,-100,18,10450
1613,100,100,17,10550
1614,100,-100,13,10450
1615,100,100,18,10550
1616,100,100,18,10650
1617,100,100,20,10750
1618,100,-100,25,10650
1619,100,-100,16,10550
1620,100,-100,23,10450
1621,100,100,13,10550
1622,100,0,18,10550
1623,100,-100,18,10450
1624,100,-100,18,10350
1625,100,100,19,10450
1626,200,200,20,10650
1627,100,0,20,10650
1628,100,0,19,10650
1629,200,-200,12,10450
1630,100,100,15,10550
1631,100,100,20,10550
1632,100,-100,14,10550
1633,100,0,18,10550
1634,200,200,21,10750
1635,100,150,21,10900
1636,100,100,17,11000
1637,100,0,20,11000
1638,100,100,21,11100
1639,200,-200,12,10900
1640,100,100,18,11000
1641,100,-100,7,10900
1642,100,100,14,11000
1643,100,-100,24,10900
1644,100,150,21,11050
1645,100,-100,26,10950
1646,100,150,21,11100
1647,100,100,17,11200
1648,200,-200,12,11000
1649,100,-100,18,10900
1650,100,-100,12,10800
1651,100,-100,26,10700
1652,200,200,19,10900
1653,100,-100,18,10800
1654,100,-100,13,10700
1655,100,0,18,10700
1656,200,-200,14,10500
1657,100,100,17,10600
1658,100,-100,13,10500
1659,100,100,20,10600
1660,100,100,20,10700
1661,100,-100,14,10600
1662,100,-100,26,10500
1663,100,100,16,10600
1664,100,-100,12,10500
1665,100,-100,25,10400
1666,100,100,16,10500
1667,100,150,21,10650
1668,100,150,21,10800
1669,100,-100,22,10700
1670,100,100,20,10800
1671,100,-100,23,10700
1672,100,100,20,10800
1673,100,100,13,10900
1674,100,-100,24,10800
1675,100,100,19,10900
1676,100,100,18,10900
1677,100,100,18,11100
1678,100,0,20,11100
1679,100,-100,23,11000
1680,100,-100,15,10900
1681,100,-100,23,10800
1682,100,-100,18,10700
1683,100,-100,19,10600
1684,100,-100,16,10500
1685,100,-100,13,10300
1686,100,-100,16,10300
1687,100,-100,16,10200
1688,100,-100,18,10100
1689,200,200,15,10300
1690,100,100,17,10400
1691,100,-100,25,10300
1692,200,-200,18,10100
1693,100,-100,17,10000
1694,100,100,12,10100
1695,200,-200,12,9900
1696,100,0,18,9900
1697,100,-100,22,9800
1698,100,-100,25,9700
1699,100,100,13,9800
1700,100,100,18,9900
1701,100,100,19,10000
1702,200,200,21,10200
1703,100,100,12,10300
1704,100,100,17,10400
1705,100,0,17,10400
1706,200,200,20,10600
1707,100,-100,23,10500
1708,100,150,21,10650
1709,100,-100,26,10550
1710,100,100,20,10650
1711,100,-100,26,10550
1712,100,-100,14,10450
1713,100,-100,23,10350
1714,100,-100,17,10250
1715,100,-100,26,10150
1716,200,200,14,10350
1717,100,150,21,10500
1718,200,-200,16,10300
1719,100,100,21,10400
1720,100,-100,24,10300
1721,100,0,17,10300
1722,100,-100,18,10200
1723,100,100,18,10300
1724,100,-100,25,10200
1725,100,100,19,10300
1726,200,200,21,10500
1727,100,0,19,10500
1728,100,-100,16,10400
1729,100,-100,18,10300
1730,100,-100,23,10200
1731,100,100,19,10300
1732,100,0,20,10300
1733,100,-100,22,10200
1734,100,100,21,10300
1735,100,-100,16,10200
1736,100,100,18,10300
1737,100,100,20,10400
1738,100,100,21,10500
1739,100,100,20,10600
1740,200,200,19,10800
1741,100,100,14,10900
1742,100,-100,17,10800
1743,100,100,20,10900
1744,200,-200,13,10700
1745,100,100,20,10800
1746,100,-100,14,10700
1747,100,-100,20,10600
1748,100,-100,20,10500
1749,100,-100,18,10400
1750,100,0,20,10400
1751,100,-100,26,10300
1752,200,-200,14,10100
1753,100,150,21,10250
1754,100,100,20,10350
1755,100,0,18,10350
1756,200,-200,15,10150
1757,100,-100,22,10050
1758,100,100,20,10150
1759,100,-100,22,10050
1760,200,-200,18,9850
1761,100,100,20,9950
1762,100,0,20,9950
1763,100,-100,12,9850
1764,100,-100,25,9750
1765,100,100,18,9850
1766,100,-100,18,9750
1767,100,100,13,9850
1768,200,200,21,10050
1769,100,-100,17,9950
1770,200,-200,12,9750
1771,100,-100,13,9650
1772,100,100,19,9750
1773,100,-100,23,9650
1774,100,100,14,9750
1775,100,-100,25,9650
1776,100,100,20,9750
1777,100,150,21,9900
1778,100,0,19,9900
1779,100,-100,20,9800
1780,100,-100,17,9700
1781,100,-100,13,9500
1782,100,-100,17,9500
1783,100,150,21,9650
1784,100,100,20,9750
1785,100,-100,20,9650
1786,200,-200,18,9450
1787,100,0,19,9450
1788,100,100,20,9550
1789,100,150,21,9700
1790,100,150,21,9850
1791,100,150,21,10000
1792,100,100,19,10100
1793,200,-200,15,9900
1794,100,100,20,10000
1795,100,-100,20,9900
1796,100,-100,20,9800
1797,100,-100,18,9700
1798,100,100,20,9800
1799,100,-100,18,9700
1800,100,100,14,9800
1801,200,200,21,10000
1802,100,-100,22,9900
1803,100,0,20,9900
1804,100,100,19,10000
1805,100,100,19,10100
1806,100,100,20,10200
1807,200,-200,14,10000
1808,200,200,20,10200
1809,100,-100,18,10100
1810,100,-100,18,10000
1811,100,0,18,10000
1812,200,-200,14,9800
1813,100,-100,17,9700
1814,100,-100,16,9600
1815,100,-100,23,9500
1816,100,-100,16,9400
1817,100,100,21,9500
1818,100,-100,26,9400
1819,100,100,19,9500
1820,100,-100,19,9400
1821,100,-100,19,9300
1822,100,100,19,9400
1823,100,-100,24,9300
1824,100,-100,24,9200
1825,100,-100,17,9100
1826,100,150,21,9250
1827,100,-100,25,9150
1828,100,0,20,9150
1829,100,-100,24,9050
1830,100,0,20,9050
1831,100,100,13,9150
1832,100,-100,13,9050
1833,100,100,19,9150
1834,100,-100,18,9050
1835,100,100,17,9150
1836,100,-100,24,9050
1837,100,0,21,9050
1838,100,100,20,9150
1839,100,-100,23,9050
1840,100,-100,16,8950
1841,100,-100,14,8850
1842,100,-100,18,8750
1843,100,-100,16,8650
1844,100,-100,13,8550
1845,100,-100,22,8450
1846,100,150,21,8600
1847,100,-100,9,8500
1848,100,100,12,8600
1849,100,100,18,8700
1850,100,-100,23,8600
1851,100,-100,19,8500
1852,100,100,17,8600
1853,100,100,21,8700
1854,100,100,19,8800
1855,100,-100,25,8700
1856,200,200,20,8900
1857,100,-100,14,8800
1858,100,-100,18,8700
1859,100,100,17,8800
1860,100,-100,20,8700
1861,100,-100,22,8600
1862,100,-100,13,8500
1863,100,100,17,8600
1864,100,100,20,8700
1865,100,100,18,8800
1866,100,100,18,8900
1867,100,-100,18,8800
1868,100,100,19,8900
1869,100,-100,18,8800
1870,100,100,21,8900
1871,200,-200,17,8700
1872,100,100,20,8800
1873,100,0,18,8800
1874,100,-100,24,8700
1875,100,-100,26,8600
1876,100,0,17,8600
1877,100,-100,17,8500
1878,100,100,20,8600
1879,100,-100,18,8500
1880,100,100,20,8600
1881,100,-100,18,8500
1882,100,100,18,8600
1883,100,100,20,8700
1884,100,100,19,8800
1885,100,-100,26,8700
1886,100,100,13,8800
1887,100,-100,20,8700
1888,100,100,20,8800
1889,100,-100,17,8700
1890,100,100,20,8800
1891,100,-100,23,8700
1892,200,200,16,8900
1893,100,-100,17,8800
1894,100,-100,20,8700
1895,100,-100,15,8600
1896,100,-100,13,8500
1897,100,-100,23,8400
1898,100,-100,22,8200
1899,100,100,18,8400
1900,100,-100,24,8300
1901,200,200,18,8500
1902,100,-100,13,8400
1903,100,-100,14,8300
1904,100,-100,16,8200
1905,100,100,17,8300
1906,100,0,17,8300
1907,100,-100,18,8200
1908,200,200,19,8400
1909,100,-100,16,8300
1910,200,200,20,8500
1911,100,-100,17,8400
1912,100,-100,20,8300
1913,100,-100,23,8200
1914,100,100,15,8300
1915,100,-100,24,8200
1916,100,100,17,8300
1917,200,-200,13,8100
1918,100,-100,18,8000
1919,100,-100,24,7900
1920,200,200,18,8100
1921,100,-100,14,8000
1922,100,-100,20,7900
1923,100,-100,18,7700
1924,100,-100,15,7700
1925,100,-100,25,7600
1926,100,-100,25,7500
1927,200,-200,16,7300
1928,100,100,20,7400
1929,100,-100,25,7300
1930,100,-100,25,7200
1931,100,0,17,7200
1932,100,0,20,7200
1933,100,-100,23,7100
1934,100,-100,16,7000
1935,100,100,14,7100
1936,100,0,20,7100
1937,100,100,21,7200
1938,100,0,18,7200
1939,100,-100,25,7100
1940,100,-100,18,7000
1941,100,-100,19,6900
1942,100,-100,20,6800
1943,100,-100,15,6700
1944,100,-100,24,6600
1945,100,100,12,6700
1946,100,-100,19,6600
1947,100,0,20,6600
1948,100,-100,24,6500
1949,100,100,21,6600
1950,100,-100,24,6500
1951,100,0,19,6500
1952,100,-100,13,6400
1953,100,-100,16,6300
1954,100,0,17,6300
1955,100,-100,15,6200
1956,100,-100,23,6100
1957,100,100,19,6200
1958,100,-100,23,6100
1959,200,0,18,6100
1960,100,-100,23,6000
1961,200,200,21,6200
1962,100,-100,20,6100
1963,100,-100,26,6000
1964,100,-100,13,5900
1965,100,100,21,6000
1966,100,-100,17,5900
1967,100,0,19,5900
1968,100,-100,15,5800
1969,200,-200,14,5600
1970,100,-100,17,5500
1971,100,100,20,5600
1972,100,100,15,5700
1973,100,-100,17,5600
1974,100,0,18,5600
1975,100,150,21,5750
1976,100,-100,17,5650
1977,100,-100,14,5550
1978,100,100,20,5650
1979,100,-100,15,5550
1980,100,-100,23,5450
1981,100,150,21,5600
1982,100,-100,19,5500
1983,100,100,20,5600
1984,100,150,21,5750
1985,100,0,19,5750
1986,100,-100,19,5650
1987,100,-100,22,5550
1988,200,-200,20,5350
1989,100,150,21,5500
1990,100,100,18,5400
1991,100,100,18,5600
1992,100,100,13,5800
1993,100,100,20,5800
1994,100,100,14,6000
1995,100,-100,18,5900
1996,100,100,20,6000
1997,100,0,17,6000
1998,100,-100,17,5900
1999,100,-100,18,5800
2000,100,-100,25,5700
2001,100,-100,15,5600
2002,100,-100,19,5500
2003,100,0,18,5500
2004,100,-100,22,5400
2005,100,100,18,5500
2006,200,200,14,5700
2007,100,150,21,5850
2008,200,0,21,5850
2009,100,100,20,5950
2010,200,-200,17,5750
2011,100,-100,17,5650
2012,100,-100,13,5550
2013,100,-100,16,5450
2014,100,-100,24,5350
2015,100,100,13,5450
2016,100,-100,22,5350
2017,100,100,20,5450
2018,100,-100,22,5350
2019,100,-100,17,5250
2020,100,100,17,5350
2021,100,-100,18,5250
2022,100,-100,23,5150
2023,100,100,20,5250
2024,200,-200,12,5050
2025,100,-100,17,4950
2026,100,-100,14,4850
2027,100,-100,13,4750
2028,100,-100,26,4650
2029,200,200,21,4850
2030,100,-100,20,4750
2031,100,-100,18,4650
2032,100,100,18,4750
2033,100,100,17,4850
2034,100,-100,18,4750
2035,100,-100,14,4650
2036,100,-100,16,4550
2037,100,150,21,4700
2038,100,-100,26,4600
2039,100,0,19,4600
2040,100,-100,17,4500
2041,100,100,21,4600
2042,100,-100,24,4500
2043,100,-100,17,4400
2044,100,-100,17,4300
2045,100,150,21,4450
2046,100,-100,22,4350
2047,100,100,20,4450
2048,100,150,21,4600
2049,100,-100,13,4500
2050,100,100,20,4600
2051,200,200,21,4800
2052,100,100,19,4900
2053,100,100,14,5000
2054,100,-100,18,4900
2055,100,-100,25,4800
2056,100,-100,24,4700
2057,100,100,15,4800
2058,100,-100,16,4600
2059,100,-100,13,4600
2060,200,0,20,4600
2061,100,100,18,4700
2062,200,200,20,4900
2063,100,-100,23,4800
2064,100,-100,20,4700
2065,100,-100,17,4600
2066,100,100,18,4700
2067,100,0,20,4700
2068,100,150,21,4850
2069,100,100,20,4950
2070,100,-100,17,4850
2071,100,100,20,4950
2072,100,100,20,5050
2073,100,-100,12,4950
2074,100,100,20,5050
2075,100,100,19,5150
2076,200,-200,13,4950
2077,100,100,19,5050
2078,100,-100,17,4950
2079,100,-100,22,4850
2080,100,-100,14,4750
2081,100,100,21,4850
2082,100,-100,15,4750
2083,100,100,19,4850
2084,100,100,14,4950
2085,100,100,21,5050
2086,100,-100,23,4950
2087,100,-100,24,4850
2088,100,-100,12,4750
2089,200,200,17,4950
2090,100,-100,19,4850
2091,100,-100,18,4750
2092,100,100,21,4850
2093,100,100,19,4950
2094,100,-100,26,4850
2095,100,100,20,4950
2096,100,-100,15,4850
2097,200,200,12,5050
2098,100,100,20,5150
2099,100,100,19,5250
2100,100,-100,5,5150
2101,100,-100,20,5050
2102,200,200,20,5250
2103,100,-100,15,5150
2104,100,-100,13,5050
2105,100,100,12,5150
2106,100,-100,15,5050
2107,100,-100,14,4950
2108,100,100,14,5050
2109,100,-100,19,4950
2110,100,-100,23,4850
2111,100,100,20,4950
2112,100,100,19,5050
2113,100,-100,13,4950
2114,100,-100,26,4850
2115,100,0,20,4850
2116,100,100,20,4950
2117,100,100,20,5050
2118,100,150,21,5200
2119,100,-100,23,5100
2120,100,-100,6,5000
2121,100,-100,18,4900
2122,100,-100,19,4800
2123,100,-100,22,4700
2124,100,-100,17,4600
2125,100,-100,25,4500
2126,100,100,20,4600
2127,100,-100,16,4500
2128,200,-200,15,4300
2129,100,0,20,4300
2130,100,-100,14,4200
2131,100,100,13,4300
2132,100,150,21,4450
2133,100,100,15,4550
2134,100,100,20,4650
2135,100,-100,18,4550
2136,100,0,18,4550
2137,100,0,18,4550
2138,100,100,18,4650
2139,100,100,18,4750
2140,200,200,19,4950
2141,100,0,20,4950
2142,100,-100,15,4850
2143,100,-100,17,4750
2144,200,200,20,4950
2145,100,-100,25,4850
2146,100,-100,17,4750
2147,100,150,21,4900
2148,200,-200,18,4700
2149,100,0,20,4700
2150,100,-100,17,4600
2151,100,-100,14,4500
2152,100,-100,17,4400
2153,100,-100,26,4300
2154,100,100,21,4400
2155,100,100,18,4500
2156,100,0,18,4300
2157,200,-200,14,4300
2158,100,-100,14,4200
2159,100,100,12,4300
2160,100,0,18,4300
2161,100,150,21,4450
2162,100,100,19,4550
2163,100,-100,14,4450
2164,100,0,18,4450
2165,100,-100,22,4350
2166,100,-100,23,4250
2167,100,-100,17,4150
2168,100,150,21,4300
2169,100,100,20,4400
2170,200,-200,19,4200
2171,200,-200,12,4000
2172,100,-100,16,3900
2173,100,0,17,3900
2174,100,100,21,4000
2175,200,-200,15,3800
2176,100,150,21,3950
2177,100,-100,18,3850
2178,100,-100,23,3750
2179,100,-100,25,3650
2180,100,-100,17,3550
2181,100,-100,19,3450
2182,100,100,19,3550
2183,100,100,17,3650
2184,100,0,17,3650
2185,100,100,20,3750
2186,100,-100,18,3650
2187,100,100,21,3550
2188,200,200,17,3950
2189,100,100,20,4050
2190,100,-100,22,3950
2191,100,100,19,4050
2192,100,150,21,4200
2193,100,100,20,4300
2194,200,200,15,4500
2195,100,150,21,4650
2196,100,0,20,4650
2197,100,-100,17,4550
2198,100,0,17,4550
2199,100,-100,17,4450
2200,100,100,20,4550
2201,100,-100,15,4450
2202,100,150,21,4600
2203,100,100,19,4700
2204,100,-100,25,4600
2205,200,-200,20,4300
2206,100,-100,16,4300
2207,100,-100,13,4200
2208,100,100,20,4300
2209,200,-200,16,4100
2210,200,-200,12,3900
2211,100,100,14,4000
2212,100,100,18,4100
2213,100,100,20,4200
2214,100,-100,26,4100
2215,100,100,15,4200
2216,100,-100,18,4000
2217,100,-100,18,4000
2218,100,150,21,4150
2219,100,-100,16,4050
2220,100,100,20,4150
2221,200,-200,16,3950
2222,100,100,21,4050
2223,100,-100,5,3950
2224,100,100,21,4050
2225,100,-100,17,3950
2226,100,100,17,4050
2227,100,-100,15,3950
2228,100,-100,12,3750
2229,100,100,21,3950
2230,100,0,18,3950
2231,200,200,21,4050
2232,100,-100,12,4050
2233,100,-100,19,3950
2234,100,-100,13,3850
2235,100,100,16,3950
2236,100,-100,13,3850
2237,100,100,20,3950
2238,100,100,17,4050
2239,100,100,20,4150
2240,100,100,19,4250
2241,100,-100,23,4150
2242,100,-100,26,4050
2243,100,-100,22,3950
2244,100,100,18,4050
2245,100,-100,13,3950
2246,100,100,21,4050
2247,100,100,20,4150
2248,100,100,20,4250
2249,100,-100,23,4150
2250,100,0,18,4150
2251,100,0,19,4150
2252,100,150,21,4300
2253,100,-100,19,4200
2254,100,-100,19,4100
2255,100,-100,13,4000
2256,100,-100,11,3900
2257,100,-100,24,3800
2258,100,0,19,3800
2259,100,-100,14,3700
2260,100,-100,19,3600
2261,100,100,19,3700
2262,100,-100,17,3600
2263,100,-100,24,3500
2264,200,200,16,3700
2265,100,100,21,3800
2266,100,-100,17,3700
2267,100,-100,18,3600
2268,100,150,21,3750
2269,100,-100,15,3650
2270,100,-100,25,3550
2271,100,100,19,3650
2272,100,150,21,3800
2273,100,0,19,3800
2274,100,-100,23,3700
2275,100,-100,11,3600
2276,100,100,21,3700
2277,100,-100,16,3600
2278,100,100,19,3700
2279,100,-100,12,3600
2280,100,150,21,3750
2281,200,200,21,3950
2282,100,-100,6,3850
2283,100,-100,24,3750
2284,100,0,20,3750
2285,100,100,18,3850
2286,200,200,14,4050
2287,200,200,21,4250
2288,100,-100,15,4150
2289,100,100,17,4250
2290,100,100,19,4350
2291,100,-100,13,4250
2292,100,-100,23,4150
2293,100,-100,15,4050
2294,100,0,18,4050
2295,100,-100,24,3950
2296,100,100,20,4050
2297,100,100,19,4150
2298,100,-100,15,4050
2299,100,-100,22,3950
2300,100,100,19,4050
2301,100,-100,15,3950
2302,100,100,20,4050
2303,100,-100,25,3950
2304,100,-100,25,3850
2305,200,-200,14,3650
2306,100,100,21,3750
2307,100,100,19,3850
2308,100,100,20,3950
2309,100,-100,17,3850
2310,100,-100,25,3750
2311,100,0,20,3750
2312,100,100,13,3850
2313,200,200,20,4050
2314,100,-100,14,3950
2315,100,-100,22,3850
2316,100,100,12,3950
2317,100,-100,25,3850
2318,100,-100,12,3750
2319,100,100,21,3850
2320,100,-100,19,3750
2321,100,0,18,3750
2322,100,100,19,3850
2323,100,100,21,3950
2324,100,-100,13,3850
2325,100,-100,19,3750
2326,100,0,20,3750
2327,100,-100,15,3650
2328,100,150,21,3800
2329,100,-100,16,3700
2330,100,-100,17,3600
2331,200,0,21,3600
2332,100,-100,18,3500
2333,100,-100,19,3400
2334,100,100,19,3500
2335,100,-100,14,3400
2336,100,-100,19,3300
2337,100,100,20,3400
2338,100,100,20,3500
2339,100,100,20,3600
2340,100,100,20,3700
2341,100,-100,18,3600
2342,100,-100,23,3500
2343,200,200,15,3700
2344,100,-100,26,3600
2345,100,-100,17,3400
2346,100,-100,17,3400
2347,100,100,19,3500
2348,100,0,18,3500
2349,100,-100,13,3400
2350,100,100,15,3500
2351,100,100,19,3600
2352,100,-100,26,3500
2353,100,-100,16,3400
2354,100,100,19,3500
2355,100,-100,17,3300
2356,100,-100,12,3300
2357,100,150,21,3450
2358,100,100,13,3550
2359,100,150,21,3700
2360,100,100,21,3800
2361,200,-200,18,3600
2362,100,100,17,3700
2363,100,-100,14,3600
2364,100,100,19,3700
2365,100,-100,24,3600
2366,100,100,21,3700
2367,100,100,17,3800
2368,100,100,12,3900
2369,100,-100,22,3800
2370,200,0,21,3800
2371,100,150,21,3950
2372,100,100,14,4050
2373,100,-100,17,3950
2374,100,-100,24,3850
2375,100,100,19,3950
2376,100,-100,17,3850
2377,200,0,17,3850
2378,100,-100,26,3750
2379,100,100,20,3850
2380,200,200,21,4050
2381,100,-100,14,3950
2382,100,0,18,3950
2383,100,-100,14,3850
2384,100,-100,25,3750
2385,100,-100,19,3650
2386,100,-100,13,3550
2387,100,100,13,3650
2388,200,-200,13,3450
2389,100,100,13,3550
2390,100,-100,17,3450
2391,100,-100,22,3350
2392,200,-200,17,3150
2393,100,-100,16,3050
2394,100,150,21,3200
2395,200,200,19,3400
2396,100,-100,15,3300
2397,100,100,14,3400
2398,100,100,20,3500
2399,100,100,18,3600
2400,100,-100,12,3500
2401,200,0,18,3500
2402,100,100,21,3600
2403,200,200,21,3800
2404,100,0,17,3800
2405,200,-200,17,3600
2406,100,-100,22,3500
2407,100,-100,16,3400
2408,100,-100,17,3300
2409,100,-100,22,3200
2410,100,-100,26,3100
2411,100,-100,23,3000
2412,100,100,16,3100
2413,100,-100,19,3000
2414,100,100,17,3100
2415,100,100,18,3200
2416,100,100,20,3300
2417,100,0,20,3300
2418,100,100,20,3400
2419,100,100,20,3500
2420,100,-100,24,3400
2421,100,-100,15,3300
2422,100,-100,8,3200
2423,100,100,19,3300
2424,100,-100,23,3200
2425,100,-100,23,3100
2426,100,-100,22,3000
2427,100,100,18,3100
2428,100,100,19,3100
2429,100,0,17,3200
2430,100,-100,26,3100
2431,100,-100,12,3000
2432,100,-100,16,2900
2433,100,150,21,3050
2434,100,0,18,3050
2435,100,-100,15,2950
2436,100,100,19,3050
2437,200,200,20,3250
2438,100,100,19,3250
2439,100,100,18,3450
2440,100,-100,26,3350
2441,100,-100,12,3250
2442,100,-100,17,3150
2443,100,150,21,3300
2444,100,-100,22,3200
2445,100,-100,24,3100
2446,100,-100,24,3000
2447,100,100,20,3100
2448,100,-100,23,3000
2449,100,0,17,3000
2450,100,-100,26,2900
2451,100,100,20,3000
2452,100,150,21,3150
2453,100,-100,23,3050
2454,100,-100,22,2950
2455,100,-100,12,2850
2456,100,100,18,2950
2457,100,-100,13,2850
2458,200,200,16,3050
2459,200,-200,16,2850
2460,100,150,21,3000
2461,100,-100,16,2900
2462,100,-100,24,2800
2463,100,-100,18,2700
2464,100,100,13,2800
2465,100,100,20,2900
2466,100,100,18,3000
2467,200,200,19,3200
2468,100,100,20,3300
2469,100,100,18,3400
2470,100,150,21,3550
2471,100,100,15,3650
2472,100,100,13,3750
2473,100,100,20,3850
2474,100,-100,12,3750
2475,100,100,20,3850
2476,100,-100,13,3750
2477,100,-100,12,3650
2478,100,0,19,3650
2479,100,100,19,3750
2480,100,100,19,3850
2481,100,100,14,3950
2482,100,-100,23,3850
2483,100,-100,17,3750
2484,100,100,20,3850
2485,100,100,20,3950
2486,100,100,18,4050
2487,100,100,19,4150
2488,100,100,14,4250
2489,100,-100,24,4150
2490,100,100,15,4250
2491,100,0,18,4250
2492,100,100,19,4350
2493,200,200,21,4550
2494,200,200,20,4750
2495,100,100,19,4850
2496,100,-100,13,4750
2497,100,-100,20,4650
2498,100,-100,17,4550
2499,200,0,21,4550
2500,100,100,17,4650
2501,100,100,20,4750
2502,200,-200,18,4550
2503,100,-100,19,4450
2504,100,100,12,4550
2505,100,-100,18,4450
2506,100,100,21,4550
2507,100,-100,18,4450
2508,100,150,21,4600
2509,100,100,17,4700
2510,100,100,20,4800
2511,100,-100,18,4700
2512,100,100,15,4800
2513,100,-100,22,4700
2514,100,-100,17,4600
2515,100,150,21,4750
2516,100,100,20,4850
2517,100,100,21,4950
2518,100,-100,26,4850
2519,200,-200,18,4650
2520,100,-100,16,4550
2521,100,-100,17,4450
2522,100,-100,17,4350
2523,100,-100,19,4250
2524,100,100,20,4350
2525,100,100,20,4450
2526,100,100,20,4550
2527,100,-100,13,4450
2528,100,100,19,4550
2529,200,-200,14,4350
2530,100,0,18,4350
2531,100,0,20,4350
2532,200,200,19,4550
2533,100,-100,15,4450
2534,100,-100,18,4350
2535,100,0,20,4350
2536,100,0,18,4350
2537,100,100,19,4450
2538,100,-100,17,4350
2539,100,-100,25,4250
2540,200,-200,16,4050
2541,100,-100,22,3950
2542,100,-100,14,3850
2543,100,-100,18,3750
2544,100,-100,20,3650
2545,100,-100,16,3550
2546,100,100,16,3650
2547,100,100,20,3750
2548,100,100,20,3850
2549,100,100,20,3950
2550,100,-100,23,3850
2551,100,-100,18,3750
2552,100,100,19,3850
2553,100,0,17,3850
2554,100,-100,19,3750
2555,100,150,21,3900
2556,100,-100,17,3800
2557,100,-100,22,3700
2558,100,100,17,3800
2559,100,-100,22,3700
2560,100,-100,18,3600
2561,100,0,20,3600
2562,100,100,21,3700
2563,100,100,20,3800
2564,100,-100,18,3700
2565,100,-100,18,3600
2566,100,-100,23,3500
2567,100,-100,15,3400
2568,100,-100,18,3300
2569,100,-100,25,3200
2570,100,100,18,3300
2571,100,100,17,3400
2572,100,100,20,3500
2573,100,-100,23,3400
2574,100,100,19,3500
2575,100,0,18,3500
2576,100,-100,19,3400
2577,100,-100,18,3300
2578,100,-100,18,3200
2579,100,-100,24,3100
2580,100,-100,17,3000
2581,100,100,18,3100
2582,100,-100,17,3000
2583,100,100,19,3100
2584,100,-100,17,3000
2585,100,150,21,3150
2586,100,100,13,3250
2587,100,-100,17,3150
2588,100,-100,18,3050
2589,100,-100,23,2950
2590,100,-100,18,2850
2591,100,150,21,3000
2592,200,0,21,3000
2593,200,-200,12,2800
2594,100,-100,18,2700
2595,100,-100,24,2600
2596,100,-100,18,2500
2597,200,200,13,2700
2598,200,200,20,2900
2599,100,-100,20,2800
2600,100,100,15,2900
2601,100,-100,16,2800
2602,100,-100,18,2700
2603,100,100,21,2800
2604,100,100,19,2900
2605,200,200,14,3100
2606,100,-100,26,3000
2607,100,0,18,3000
2608,100,0,20,3000
2609,100,-100,22,2900
2610,100,-100,17,2800
2611,200,200,21,3000
2612,100,-100,19,2900
2613,100,-100,25,2800
2614,100,-100,17,2700
2615,100,100,21,2800
2616,100,-100,17,2700
2617,100,0,20,2700
2618,100,100,20,2800
2619,100,-100,19,2700
2620,100,-100,22,2600
2621,100,100,18,2700
2622,100,150,21,2850
2623,100,100,17,2950
2624,100,-100,14,2850
2625,100,100,19,2950
2626,100,-100,23,2850
2627,100,0,17,2850
2628,100,100,18,2950
2629,100,150,21,3100
2630,100,100,18,3200
2631,100,-100,18,3100
2632,100,100,18,3200
2633,100,100,19,3300
2634,100,-100,23,3200
2635,100,150,21,3350
2636,100,-100,13,3250
2637,100,-100,17,3150
2638,100,100,21,3250
2639,100,100,20,3350
2640,100,-100,13,3250
2641,200,-200,16,3050
2642,100,100,20,3150
2643,100,100,18,3250
2644,100,-100,23,3150
2645,200,200,21,3350
2646,100,-100,17,3250
2647,100,150,21,3400
2648,100,-100,24,3300
2649,100,100,18,3400
2650,100,100,19,3500
2651,200,-200,12,3300
2652,100,-100,13,3200
2653,100,-100,25,3100
2654,100,100,20,3200
2655,100,0,18,3200
2656,200,0,20,3200
2657,100,-100,25,3100
2658,100,150,21,3250
2659,100,-100,23,3150
2660,100,150,21,3300
2661,100,0,20,3300
2662,100,-100,19,3200
2663,200,0,18,3200
2664,200,-200,12,3000
2665,100,0,17,3000
2666,100,-100,26,2900
2667,100,-100,19,2800
2668,100,150,21,2950
2669,100,100,19,3050
2670,100,-100,25,2950
2671,100,-100,19,2850
2672,100,-100,17,2750
2673,100,100,19,2750
2674,100,100,18,2950
2675,100,-100,17,2850
2676,100,-100,17,2750
2677,200,-200,13,2550
2678,100,-100,25,2450
2679,100,-100,13,2350
2680,100,-100,15,2250
2681,200,200,18,2450
2682,100,150,21,2600
2683,100,-100,22,2500
2684,100,-100,24,2400
2685,100,-100,17,2300
2686,200,200,20,2500
2687,100,100,18,2600
2688,100,100,19,2700
2689,100,100,15,2800
2690,100,-100,22,2700
2691,100,-100,20,2600
2692,100,-100,22,2500
2693,100,100,20,2600
2694,100,-100,22,2500
2695,100,-100,16,2400
2696,100,-100,19,2300
2697,100,-100,23,2200
2698,100,150,21,2350
2699,100,0,20,2350
2700,100,100,19,2450
2701,100,-100,15,2350
2702,100,-100,14,2250
2703,100,-100,26,2150
2704,100,100,16,2250
2705,100,-100,15,2150
2706,100,100,16,2250
2707,200,-200,13,2050
2708,100,100,14,2150
2709,100,-100,19,2050
2710,100,-100,17,1950
2711,200,-200,13,1750
2712,100,-100,17,1650
2713,100,100,20,1750
2714,100,100,18,1850
2715,100,100,17,1950
2716,200,200,21,2150
2717,200,200,21,2350
2718,200,200,21,2550
2719,100,100,20,2650
2720,100,-100,19,2550
2721,200,-200,15,2350
2722,100,-100,19,2250
2723,100,-100,13,2150
2724,200,0,17,2150
2725,100,-100,19,2050
2726,100,100,19,2150
2727,100,0,21,2150
2728,100,-100,23,2050
2729,100,-100,26,1950
2730,100,-100,24,1850
2731,100,-100,23,1750
2732,100,-100,13,1650
2733,100,-100,18,1550
2734,100,-100,17,1450
2735,100,-100,20,1350
2736,100,-100,15,1250
2737,100,0,20,1250
2738,100,-100,25,1150
2739,200,-200,18,950
